{"meir": {"login_time": 1742912720.429033}, "michadockermisha": {"login_time": 1744211977.9410074}}