{"meir": {"login_time": 1742912720.429033}, "michadockermisha": {"login_time": 1743596651.2612383}}