{"meir": {"login_time": 1742912720.429033}, "misha": {"login_time": 1744665444.6017208}}