{"meir": {"login_time": 1742912720.429033}, "misha": {"login_time": 1744654372.3455832}}